﻿Designator,Footprint,Quantity,Value,LCSC Part #
"D1, D10, D11, D12, D13, D14, D15, D16, D17, D18, D19, D2, D20, D21, D22, D23, D24, D25, D26, D27, D28, D29, D3, D30, D31, D32, D33, D34, D35, D36, D37, D38, D39, D4, D40, D41, D42, D43, D44, D45, D46, D47, D48, D49, D5, D50, D51, D52, D53, D54, D55, D56, D57, D58, D59, D6, D60, D61, D62, D63, D64, D65, D66, D67, D68, D69, D7, D70, D71, D72, D73, D74, D75, D76, D77, D78, D79, D8, D80, D81, D82, D83, D9",D_DO-35_SOD27_P7.62mm_Horizontal,83,D,
"K_1, K_10, K_11, K_12, K_13, K_15, K_16, K_17, K_18, K_19, K_2, K_20, K_21, K_22, K_23, K_24, K_25, K_26, K_27, K_29, K_3, K_31, K_32, K_33, K_34, K_35, K_36, K_37, K_38, K_39, K_4, K_40, K_41, K_42, K_44, K_46, K_47, K_48, K_49, K_5, K_50, K_51, K_52, K_53, K_54, K_55, K_56, K_57, K_58, K_6, K_60, K_61, K_62, K_63, K_64, K_65, K_66, K_67, K_68, K_69, K_7, K_70, K_72, K_73, K_78, K_79, K_8, K_80, K_81, K_82, K_83, K_9",MX-Hotswap-1U,72,KEYSW,
K_14,Bourns-PEC11R-4220F-S0024-0-0-0,1,RotaryEncoder_Switch,
K_28,MX-Hotswap-2U,1,KEYSW,
K_30,MX-Hotswap-1.5U,1,KEYSW,
K_43,MX-Hotswap-ISO-Rotated,1,KEYSW,
"K_45, K_71",MX-Hotswap-1.75U,2,KEYSW,
"K_59, K_74, K_75, K_76",MX-Hotswap-1.25U,4,KEYSW,
K_77,MX-Hotswap-6.25U,1,KEYSW,
SW_1,SW_PUSH_1P1T_6x3.5mm_H5.0_APEM_MJTP1250,1,SW_Push,
